id,treat,age,education,black,hispanic,married,nodegree,re74,re75,re78
E001,1.0,37.0,11.0,1.0,0.0,1.0,1.0,0.0,0.0,9930.0458984375
E002,1.0,22.0,9.0,0.0,1.0,0.0,1.0,0.0,0.0,3595.89404296875
E003,1.0,30.0,12.0,1.0,0.0,0.0,0.0,0.0,0.0,24909.44921875
E004,1.0,27.0,11.0,1.0,0.0,0.0,1.0,0.0,0.0,7506.14599609375
E005,1.0,33.0,8.0,1.0,0.0,0.0,1.0,0.0,0.0,289.7898864746094
E006,1.0,22.0,9.0,1.0,0.0,0.0,1.0,0.0,0.0,4056.493896484375
E007,1.0,23.0,12.0,1.0,0.0,0.0,0.0,0.0,0.0,0.0
E008,1.0,32.0,11.0,1.0,0.0,0.0,1.0,0.0,0.0,8472.158203125
E009,1.0,22.0,16.0,1.0,0.0,0.0,0.0,0.0,0.0,2164.02197265625
E010,1.0,33.0,12.0,0.0,0.0,1.0,0.0,0.0,0.0,12418.0703125
E011,1.0,19.0,9.0,1.0,0.0,0.0,1.0,0.0,0.0,8173.908203125
E012,1.0,21.0,13.0,1.0,0.0,0.0,0.0,0.0,0.0,17094.640625
E013,1.0,18.0,8.0,1.0,0.0,0.0,1.0,0.0,0.0,0.0
E014,1.0,27.0,10.0,1.0,0.0,1.0,1.0,0.0,0.0,18739.9296875
E015,1.0,17.0,7.0,1.0,0.0,0.0,1.0,0.0,0.0,3023.87890625
E016,1.0,19.0,10.0,1.0,0.0,0.0,1.0,0.0,0.0,3228.5029296875
E017,1.0,27.0,13.0,1.0,0.0,0.0,0.0,0.0,0.0,14581.8603515625
E018,1.0,23.0,10.0,1.0,0.0,0.0,1.0,0.0,0.0,7693.39990234375
E019,1.0,40.0,12.0,1.0,0.0,0.0,0.0,0.0,0.0,10804.3203125
E020,1.0,26.0,12.0,1.0,0.0,0.0,0.0,0.0,0.0,10747.349609375
E021,1.0,23.0,11.0,1.0,0.0,0.0,1.0,0.0,0.0,0.0
E022,1.0,41.0,14.0,0.0,0.0,0.0,0.0,0.0,0.0,5149.5009765625
E023,1.0,38.0,9.0,0.0,0.0,0.0,1.0,0.0,0.0,6408.9501953125
E024,1.0,24.0,11.0,1.0,0.0,0.0,1.0,0.0,0.0,1991.4000244140625
E025,1.0,18.0,10.0,1.0,0.0,0.0,1.0,0.0,0.0,11163.169921875
E026,1.0,29.0,11.0,1.0,0.0,1.0,1.0,0.0,0.0,9642.9990234375
E027,1.0,25.0,11.0,1.0,0.0,0.0,1.0,0.0,0.0,9897.048828125
E028,1.0,27.0,10.0,0.0,1.0,0.0,1.0,0.0,0.0,11142.8701171875
E029,1.0,17.0,10.0,1.0,0.0,0.0,1.0,0.0,0.0,16218.0400390625
E030,1.0,24.0,11.0,1.0,0.0,0.0,1.0,0.0,0.0,995.7001953125
E031,1.0,17.0,10.0,1.0,0.0,0.0,1.0,0.0,0.0,0.0
E032,1.0,48.0,4.0,1.0,0.0,0.0,1.0,0.0,0.0,6551.591796875
E033,1.0,25.0,11.0,1.0,0.0,1.0,1.0,0.0,0.0,1574.4239501953125
E034,1.0,20.0,12.0,1.0,0.0,0.0,0.0,0.0,0.0,0.0
E035,1.0,25.0,12.0,1.0,0.0,0.0,0.0,0.0,0.0,3191.7529296875
E036,1.0,42.0,14.0,1.0,0.0,0.0,0.0,0.0,0.0,20505.9296875
E037,1.0,25.0,5.0,1.0,0.0,0.0,1.0,0.0,0.0,6181.8798828125
E038,1.0,23.0,12.0,1.0,0.0,1.0,0.0,0.0,0.0,5911.55078125
E039,1.0,46.0,8.0,1.0,0.0,1.0,1.0,0.0,0.0,3094.156005859375
E040,1.0,24.0,10.0,1.0,0.0,0.0,1.0,0.0,0.0,0.0
E041,1.0,21.0,12.0,1.0,0.0,0.0,0.0,0.0,0.0,1254.58203125
E042,1.0,19.0,9.0,0.0,0.0,0.0,1.0,0.0,0.0,13188.830078125
E043,1.0,17.0,8.0,1.0,0.0,0.0,1.0,0.0,0.0,8061.48486328125
E044,1.0,18.0,8.0,0.0,1.0,1.0,1.0,0.0,0.0,2787.9599609375
E045,1.0,20.0,11.0,1.0,0.0,0.0,1.0,0.0,0.0,3972.5400390625
E046,1.0,25.0,11.0,1.0,0.0,1.0,1.0,0.0,0.0,0.0
E047,1.0,17.0,8.0,1.0,0.0,0.0,1.0,0.0,0.0,0.0
E048,1.0,17.0,9.0,1.0,0.0,0.0,1.0,0.0,0.0,0.0
E049,1.0,25.0,5.0,1.0,0.0,0.0,1.0,0.0,0.0,12187.41015625
E050,1.0,23.0,12.0,1.0,0.0,0.0,0.0,0.0,0.0,4843.17578125
E051,1.0,28.0,8.0,1.0,0.0,0.0,1.0,0.0,0.0,0.0
E052,1.0,31.0,11.0,1.0,0.0,1.0,1.0,0.0,0.0,8087.48681640625
E053,1.0,18.0,11.0,1.0,0.0,0.0,1.0,0.0,0.0,0.0
E054,1.0,25.0,12.0,1.0,0.0,0.0,0.0,0.0,0.0,2348.972900390625
E055,1.0,30.0,11.0,1.0,0.0,1.0,1.0,0.0,0.0,590.7817993164062
E056,1.0,17.0,10.0,1.0,0.0,0.0,1.0,0.0,0.0,0.0
E057,1.0,37.0,9.0,1.0,0.0,0.0,1.0,0.0,0.0,1067.5059814453125
E058,1.0,41.0,4.0,1.0,0.0,1.0,1.0,0.0,0.0,7284.98583984375
E059,1.0,42.0,14.0,1.0,0.0,1.0,0.0,0.0,0.0,13167.51953125
E060,1.0,22.0,11.0,0.0,0.0,0.0,1.0,0.0,0.0,1048.4320068359375
E061,1.0,17.0,8.0,1.0,0.0,0.0,1.0,0.0,0.0,0.0
E062,1.0,29.0,8.0,1.0,0.0,0.0,1.0,0.0,0.0,1923.93798828125
E063,1.0,35.0,10.0,1.0,0.0,0.0,1.0,0.0,0.0,4666.23583984375
E064,1.0,27.0,11.0,1.0,0.0,0.0,1.0,0.0,0.0,549.2984008789062
E065,1.0,29.0,4.0,1.0,0.0,0.0,1.0,0.0,0.0,762.9146118164062
E066,1.0,28.0,9.0,1.0,0.0,0.0,1.0,0.0,0.0,10694.2900390625
E067,1.0,27.0,11.0,1.0,0.0,0.0,1.0,0.0,0.0,0.0
E068,1.0,23.0,7.0,0.0,0.0,0.0,1.0,0.0,0.0,0.0
E069,1.0,45.0,5.0,1.0,0.0,1.0,1.0,0.0,0.0,8546.71484375
E070,1.0,29.0,13.0,1.0,0.0,0.0,0.0,0.0,0.0,7479.65576171875
E071,1.0,27.0,9.0,1.0,0.0,0.0,1.0,0.0,0.0,0.0
E072,1.0,46.0,13.0,1.0,0.0,0.0,0.0,0.0,0.0,647.20458984375
E073,1.0,18.0,6.0,1.0,0.0,0.0,1.0,0.0,0.0,0.0
E074,1.0,25.0,12.0,1.0,0.0,0.0,0.0,0.0,0.0,11965.8095703125
E075,1.0,28.0,15.0,1.0,0.0,0.0,0.0,0.0,0.0,9598.541015625
E076,1.0,25.0,11.0,0.0,0.0,0.0,1.0,0.0,0.0,18783.349609375
E077,1.0,22.0,12.0,1.0,0.0,0.0,0.0,0.0,0.0,18678.080078125
E078,1.0,21.0,9.0,1.0,0.0,0.0,1.0,0.0,0.0,0.0
E079,1.0,40.0,11.0,1.0,0.0,0.0,1.0,0.0,0.0,23005.599609375
E080,1.0,22.0,11.0,1.0,0.0,0.0,1.0,0.0,0.0,6456.69677734375
E081,1.0,25.0,12.0,1.0,0.0,0.0,0.0,0.0,0.0,0.0
E082,1.0,18.0,12.0,1.0,0.0,0.0,0.0,0.0,0.0,2321.10693359375
E083,1.0,38.0,12.0,0.0,0.0,0.0,0.0,0.0,0.0,4941.84912109375
E084,1.0,27.0,13.0,1.0,0.0,0.0,0.0,0.0,0.0,0.0
E085,1.0,27.0,8.0,1.0,0.0,0.0,1.0,0.0,0.0,0.0
E086,1.0,38.0,11.0,1.0,0.0,0.0,1.0,0.0,0.0,0.0
E087,1.0,23.0,8.0,0.0,1.0,0.0,1.0,0.0,0.0,3881.283935546875
E088,1.0,26.0,11.0,1.0,0.0,0.0,1.0,0.0,0.0,17230.9609375
E089,1.0,21.0,12.0,0.0,0.0,0.0,0.0,0.0,0.0,8048.60302734375
E090,1.0,25.0,8.0,1.0,0.0,0.0,1.0,0.0,0.0,0.0
E091,1.0,31.0,11.0,1.0,0.0,1.0,1.0,0.0,0.0,14509.9296875
E092,1.0,17.0,10.0,1.0,0.0,0.0,1.0,0.0,0.0,0.0
E093,1.0,25.0,11.0,1.0,0.0,0.0,1.0,0.0,0.0,0.0
E094,1.0,21.0,12.0,1.0,0.0,0.0,0.0,0.0,0.0,9983.7841796875
E095,1.0,44.0,11.0,1.0,0.0,0.0,1.0,0.0,0.0,0.0
E096,1.0,25.0,12.0,0.0,0.0,0.0,0.0,0.0,0.0,5587.5029296875
E097,1.0,18.0,9.0,1.0,0.0,0.0,1.0,0.0,0.0,4482.84521484375
E098,1.0,42.0,12.0,1.0,0.0,0.0,0.0,0.0,0.0,2456.153076171875
E099,1.0,25.0,10.0,1.0,0.0,0.0,1.0,0.0,0.0,0.0
E100,1.0,31.0,9.0,0.0,1.0,0.0,1.0,0.0,0.0,26817.599609375
E101,1.0,24.0,10.0,1.0,0.0,0.0,1.0,0.0,0.0,0.0
E102,1.0,26.0,10.0,1.0,0.0,0.0,1.0,0.0,0.0,9265.7880859375
E103,1.0,25.0,11.0,1.0,0.0,0.0,1.0,0.0,0.0,485.2297973632813
E104,1.0,18.0,11.0,1.0,0.0,0.0,1.0,0.0,0.0,4814.626953125
E105,1.0,19.0,11.0,1.0,0.0,0.0,1.0,0.0,0.0,7458.10498046875
E106,1.0,43.0,9.0,1.0,0.0,0.0,1.0,0.0,0.0,0.0
E107,1.0,27.0,13.0,1.0,0.0,0.0,0.0,0.0,0.0,34099.28125
E108,1.0,17.0,9.0,1.0,0.0,0.0,1.0,0.0,0.0,1953.2679443359373
E109,1.0,30.0,11.0,1.0,0.0,0.0,1.0,0.0,0.0,0.0
E110,1.0,26.0,10.0,1.0,0.0,1.0,1.0,2027.9990234375,0.0,0.0
E111,1.0,20.0,9.0,1.0,0.0,0.0,1.0,6083.994140625,0.0,8881.6650390625
E112,1.0,17.0,9.0,0.0,1.0,0.0,1.0,445.17041015625,74.34345245361328,6210.669921875
E113,1.0,20.0,12.0,1.0,0.0,0.0,0.0,989.267822265625,165.20770263671875,0.0
E114,1.0,18.0,11.0,1.0,0.0,0.0,1.0,858.2542724609375,214.5635986328125,929.8839111328124
E115,1.0,27.0,12.0,1.0,0.0,1.0,0.0,3670.8720703125,334.0492858886719,0.0
E116,1.0,21.0,12.0,0.0,0.0,0.0,0.0,3670.8720703125,334.0494079589844,12558.01953125
E117,1.0,27.0,12.0,1.0,0.0,0.0,0.0,2143.4130859375,357.94989013671875,22163.25
E118,1.0,20.0,12.0,1.0,0.0,0.0,0.0,0.0,377.568603515625,1652.636962890625
E119,1.0,19.0,10.0,1.0,0.0,0.0,1.0,0.0,385.2741088867188,8124.71484375
E120,1.0,23.0,12.0,1.0,0.0,0.0,0.0,5506.30810546875,501.0740966796875,671.331787109375
E121,1.0,29.0,14.0,1.0,0.0,0.0,0.0,0.0,679.6734008789062,17814.98046875
E122,1.0,18.0,10.0,1.0,0.0,0.0,1.0,0.0,798.9078979492188,9737.154296875
E123,1.0,19.0,9.0,1.0,0.0,0.0,1.0,0.0,798.9078979492188,17685.1796875
E124,1.0,27.0,13.0,0.0,0.0,1.0,0.0,9381.56640625,853.7224731445312,0.0
E125,1.0,18.0,11.0,0.0,0.0,0.0,1.0,3678.23095703125,919.5579223632812,4321.705078125
E126,1.0,27.0,9.0,1.0,0.0,1.0,1.0,0.0,934.4453735351562,1773.4229736328125
E127,1.0,22.0,12.0,1.0,0.0,0.0,0.0,5605.85205078125,936.1773071289062,0.0
E128,1.0,23.0,10.0,1.0,0.0,1.0,1.0,0.0,936.4385986328124,11233.259765625
E129,1.0,23.0,12.0,0.0,1.0,0.0,0.0,9385.740234375,1117.43896484375,559.4431762695312
E130,1.0,20.0,11.0,1.0,0.0,0.0,1.0,3637.498046875,1220.8360595703125,1085.43994140625
E131,1.0,17.0,9.0,1.0,0.0,0.0,1.0,1716.509033203125,1253.43896484375,5445.2001953125
E132,1.0,28.0,11.0,1.0,0.0,0.0,1.0,0.0,1284.0789794921875,60307.9296875
E133,1.0,26.0,11.0,1.0,0.0,1.0,1.0,0.0,1392.85302734375,1460.3599853515625
E134,1.0,20.0,11.0,1.0,0.0,0.0,1.0,16318.6201171875,1484.9940185546875,6943.341796875
E135,1.0,24.0,11.0,1.0,0.0,1.0,1.0,824.3886108398438,1666.113037109375,4032.7080078125
E136,1.0,31.0,9.0,1.0,0.0,0.0,1.0,0.0,1698.6070556640625,10363.26953125
E137,1.0,23.0,8.0,0.0,0.0,1.0,1.0,0.0,1713.1500244140625,4232.30908203125
E138,1.0,18.0,10.0,1.0,0.0,0.0,1.0,2143.410888671875,1784.2740478515625,11141.3896484375
E139,1.0,29.0,12.0,1.0,0.0,0.0,0.0,10881.9404296875,1817.2840576171875,0.0
E140,1.0,26.0,11.0,0.0,0.0,0.0,1.0,0.0,2226.26611328125,13385.8603515625
E141,1.0,24.0,9.0,1.0,0.0,0.0,1.0,9154.7001953125,2288.675048828125,4849.55908203125
E142,1.0,25.0,12.0,1.0,0.0,0.0,0.0,14426.7900390625,2409.27392578125,0.0
E143,1.0,24.0,10.0,1.0,0.0,0.0,1.0,4250.40185546875,2421.947021484375,1660.508056640625
E144,1.0,46.0,8.0,1.0,0.0,0.0,1.0,3165.657958984375,2594.722900390625,0.0
E145,1.0,31.0,12.0,0.0,0.0,0.0,0.0,0.0,2611.218017578125,2484.549072265625
E146,1.0,19.0,11.0,1.0,0.0,0.0,1.0,2305.02587890625,2615.27587890625,4146.60302734375
E147,1.0,19.0,8.0,1.0,0.0,0.0,1.0,0.0,2657.056884765625,9970.6806640625
E148,1.0,27.0,11.0,1.0,0.0,0.0,1.0,2206.93994140625,2666.27392578125,0.0
E149,1.0,26.0,11.0,1.0,0.0,1.0,1.0,0.0,2754.64599609375,26372.279296875
E150,1.0,20.0,10.0,1.0,0.0,0.0,1.0,5005.73095703125,2777.35498046875,5615.18896484375
E151,1.0,28.0,10.0,1.0,0.0,0.0,1.0,0.0,2836.506103515625,3196.571044921875
E152,1.0,24.0,12.0,1.0,0.0,0.0,0.0,13765.75,2842.763916015625,6167.68115234375
E153,1.0,19.0,8.0,1.0,0.0,0.0,1.0,2636.35302734375,2937.263916015625,7535.94189453125
E154,1.0,23.0,12.0,1.0,0.0,0.0,0.0,6269.3408203125,3039.9599609375,8484.2392578125
E155,1.0,42.0,9.0,1.0,0.0,1.0,1.0,0.0,3058.531005859375,1294.4090576171875
E156,1.0,25.0,13.0,1.0,0.0,0.0,0.0,12362.9296875,3090.73193359375,0.0
E157,1.0,18.0,9.0,1.0,0.0,0.0,1.0,0.0,3287.375,5010.341796875
E158,1.0,21.0,12.0,1.0,0.0,0.0,0.0,6473.68310546875,3332.408935546875,9371.037109375
E159,1.0,27.0,10.0,1.0,0.0,0.0,1.0,1001.14599609375,3550.074951171875,0.0
E160,1.0,21.0,8.0,1.0,0.0,0.0,1.0,989.267822265625,3695.89697265625,4279.61279296875
E161,1.0,22.0,9.0,1.0,0.0,0.0,1.0,2192.876953125,3836.986083984375,3462.56396484375
E162,1.0,31.0,4.0,1.0,0.0,0.0,1.0,8517.5888671875,4023.2109375,7382.548828125
E163,1.0,24.0,10.0,1.0,0.0,1.0,1.0,11703.2001953125,4078.152099609375,0.0
E164,1.0,29.0,10.0,1.0,0.0,0.0,1.0,0.0,4398.9501953125,0.0
E165,1.0,29.0,12.0,1.0,0.0,0.0,0.0,9748.38671875,4878.93701171875,10976.509765625
E166,1.0,19.0,10.0,0.0,0.0,0.0,1.0,0.0,5324.10888671875,13829.6201171875
E167,1.0,19.0,11.0,0.0,1.0,1.0,1.0,5424.48486328125,5463.80322265625,6788.462890625
E168,1.0,31.0,9.0,1.0,0.0,0.0,1.0,10717.0302734375,5517.8408203125,9558.5009765625
E169,1.0,22.0,10.0,1.0,0.0,1.0,1.0,1468.3480224609375,5588.6640625,13228.2802734375
E170,1.0,21.0,9.0,1.0,0.0,0.0,1.0,6416.47021484375,5749.3310546875,743.6666259765625
E171,1.0,17.0,10.0,1.0,0.0,0.0,1.0,1291.468017578125,5793.85205078125,5522.7880859375
E172,1.0,26.0,12.0,1.0,0.0,1.0,0.0,8408.76171875,5794.8310546875,1424.9439697265625
E173,1.0,20.0,9.0,0.0,1.0,0.0,1.0,12260.7802734375,5875.048828125,1358.6429443359375
E174,1.0,19.0,10.0,1.0,0.0,0.0,1.0,4121.94921875,6056.75390625,0.0
E175,1.0,26.0,10.0,1.0,0.0,0.0,1.0,25929.6796875,6788.9580078125,672.8773193359375
E176,1.0,28.0,11.0,1.0,0.0,0.0,1.0,1929.029052734375,6871.85595703125,0.0
E177,1.0,22.0,12.0,0.0,1.0,1.0,0.0,492.2304992675781,7055.7021484375,10092.830078125
E178,1.0,33.0,11.0,1.0,0.0,0.0,1.0,0.0,7867.916015625,6281.43310546875
E179,1.0,22.0,12.0,0.0,0.0,0.0,0.0,6759.994140625,8455.50390625,12590.7099609375
E180,1.0,29.0,10.0,0.0,1.0,0.0,1.0,0.0,8853.673828125,5112.01416015625
E181,1.0,33.0,12.0,1.0,0.0,1.0,0.0,20279.94921875,10941.349609375,15952.599609375
E182,1.0,25.0,14.0,1.0,0.0,1.0,0.0,35040.0703125,11536.5703125,36646.94921875
E183,1.0,35.0,9.0,1.0,0.0,1.0,1.0,13602.4296875,13830.6396484375,12803.9697265625
E184,1.0,35.0,8.0,1.0,0.0,1.0,1.0,13732.0703125,17976.150390625,3786.6279296875
E185,1.0,33.0,11.0,1.0,0.0,1.0,1.0,14660.7099609375,25142.240234375,4181.94189453125
E186,0.0,23.0,10.0,1.0,0.0,0.0,1.0,0.0,0.0,0.0
E187,0.0,26.0,12.0,0.0,0.0,0.0,0.0,0.0,0.0,12383.6796875
E188,0.0,22.0,9.0,1.0,0.0,0.0,1.0,0.0,0.0,0.0
E189,0.0,18.0,9.0,1.0,0.0,0.0,1.0,0.0,0.0,10740.080078125
E190,0.0,45.0,11.0,1.0,0.0,0.0,1.0,0.0,0.0,11796.4697265625
E191,0.0,18.0,9.0,1.0,0.0,0.0,1.0,0.0,0.0,9227.0517578125
E192,0.0,24.0,8.0,0.0,0.0,0.0,1.0,0.0,0.0,10569.26953125
E193,0.0,34.0,11.0,1.0,0.0,1.0,1.0,0.0,0.0,6040.3349609375
E194,0.0,24.0,4.0,0.0,1.0,0.0,1.0,0.0,0.0,3880.8330078125
E195,0.0,36.0,10.0,1.0,0.0,0.0,1.0,0.0,0.0,0.0
E196,0.0,21.0,14.0,1.0,0.0,0.0,0.0,0.0,0.0,5775.06201171875
E197,0.0,28.0,9.0,1.0,0.0,0.0,1.0,0.0,0.0,0.0
E198,0.0,27.0,7.0,1.0,0.0,1.0,1.0,0.0,0.0,0.0
E199,0.0,19.0,11.0,0.0,0.0,0.0,1.0,0.0,0.0,0.0
E200,0.0,20.0,8.0,1.0,0.0,0.0,1.0,0.0,0.0,0.0
E201,0.0,34.0,12.0,1.0,0.0,0.0,0.0,0.0,0.0,2113.721923828125
E202,0.0,24.0,10.0,1.0,0.0,0.0,1.0,0.0,0.0,7618.63916015625
E203,0.0,22.0,8.0,0.0,1.0,0.0,1.0,0.0,0.0,9920.9453125
E204,0.0,25.0,11.0,1.0,0.0,0.0,1.0,0.0,0.0,4196.375
E205,0.0,39.0,9.0,1.0,0.0,0.0,1.0,0.0,0.0,0.0
E206,0.0,19.0,9.0,1.0,0.0,1.0,1.0,0.0,0.0,16658.25
E207,0.0,44.0,9.0,1.0,0.0,0.0,1.0,0.0,0.0,9722.0029296875
E208,0.0,27.0,8.0,1.0,0.0,0.0,1.0,0.0,0.0,3783.659912109375
E209,0.0,25.0,8.0,1.0,0.0,0.0,1.0,0.0,0.0,3515.928955078125
E210,0.0,31.0,10.0,1.0,0.0,0.0,1.0,0.0,0.0,17014.58984375
E211,0.0,34.0,10.0,1.0,0.0,1.0,1.0,0.0,0.0,0.0
E212,0.0,21.0,7.0,0.0,1.0,0.0,1.0,0.0,0.0,0.0
E213,0.0,33.0,12.0,1.0,0.0,0.0,0.0,0.0,0.0,5970.2568359375
E214,0.0,18.0,10.0,0.0,1.0,0.0,1.0,0.0,0.0,1859.1669921875
E215,0.0,26.0,12.0,1.0,0.0,1.0,0.0,0.0,0.0,6191.94287109375
E216,0.0,31.0,12.0,1.0,0.0,0.0,0.0,0.0,0.0,7284.39404296875
E217,0.0,35.0,10.0,1.0,0.0,0.0,1.0,0.0,0.0,445.8309020996094
E218,0.0,20.0,12.0,1.0,0.0,0.0,0.0,0.0,0.0,0.0
E219,0.0,25.0,11.0,1.0,0.0,0.0,1.0,0.0,0.0,0.0
E220,0.0,25.0,10.0,1.0,0.0,0.0,1.0,0.0,0.0,7367.0400390625
E221,0.0,35.0,11.0,1.0,0.0,0.0,1.0,0.0,0.0,0.0
E222,0.0,20.0,10.0,1.0,0.0,0.0,1.0,0.0,0.0,2015.5030517578125
E223,0.0,25.0,9.0,0.0,1.0,0.0,1.0,0.0,0.0,15791.1298828125
E224,0.0,27.0,10.0,1.0,0.0,0.0,1.0,0.0,0.0,1135.469970703125
E225,0.0,20.0,11.0,0.0,1.0,0.0,1.0,0.0,0.0,6378.72021484375
E226,0.0,26.0,11.0,1.0,0.0,0.0,1.0,0.0,0.0,7176.18701171875
E227,0.0,38.0,8.0,1.0,0.0,0.0,1.0,0.0,0.0,0.0
E228,0.0,34.0,10.0,1.0,0.0,0.0,1.0,0.0,0.0,7952.5400390625
E229,0.0,19.0,12.0,1.0,0.0,0.0,0.0,0.0,0.0,0.0
E230,0.0,32.0,8.0,1.0,0.0,0.0,1.0,0.0,0.0,7152.1318359375
E231,0.0,20.0,9.0,0.0,1.0,0.0,1.0,0.0,0.0,8329.8232421875
E232,0.0,23.0,10.0,1.0,0.0,0.0,1.0,0.0,0.0,0.0
E233,0.0,38.0,10.0,1.0,0.0,0.0,1.0,0.0,0.0,12429.91015625
E234,0.0,24.0,11.0,1.0,0.0,0.0,1.0,0.0,0.0,0.0
E235,0.0,23.0,11.0,1.0,0.0,0.0,1.0,0.0,0.0,5088.759765625
E236,0.0,20.0,7.0,0.0,1.0,0.0,1.0,0.0,0.0,4374.0400390625
E237,0.0,21.0,11.0,1.0,0.0,0.0,1.0,0.0,0.0,1553.291015625
E238,0.0,25.0,10.0,1.0,0.0,0.0,1.0,0.0,0.0,0.0
E239,0.0,22.0,11.0,1.0,0.0,1.0,1.0,0.0,0.0,1698.303955078125
E240,0.0,23.0,11.0,1.0,0.0,0.0,1.0,0.0,0.0,0.0
E241,0.0,24.0,12.0,0.0,0.0,0.0,0.0,0.0,0.0,11294.6298828125
E242,0.0,29.0,11.0,1.0,0.0,0.0,1.0,0.0,0.0,0.0
E243,0.0,24.0,11.0,1.0,0.0,0.0,1.0,0.0,0.0,14626.3896484375
E244,0.0,22.0,9.0,1.0,0.0,0.0,1.0,0.0,0.0,12898.3798828125
E245,0.0,28.0,11.0,1.0,0.0,0.0,1.0,0.0,0.0,5767.1328125
E246,0.0,18.0,10.0,0.0,1.0,0.0,1.0,0.0,0.0,6527.9189453125
E247,0.0,26.0,10.0,1.0,0.0,0.0,1.0,0.0,0.0,3931.238037109375
E248,0.0,25.0,10.0,1.0,0.0,0.0,1.0,0.0,0.0,20942.240234375
E249,0.0,24.0,10.0,1.0,0.0,0.0,1.0,0.0,0.0,0.0
E250,0.0,26.0,5.0,1.0,0.0,0.0,1.0,0.0,0.0,0.0
E251,0.0,36.0,10.0,1.0,0.0,0.0,1.0,0.0,0.0,14690.349609375
E252,0.0,22.0,11.0,1.0,0.0,0.0,1.0,0.0,0.0,0.0
E253,0.0,25.0,12.0,1.0,0.0,0.0,0.0,0.0,0.0,3418.096923828125
E254,0.0,27.0,11.0,1.0,0.0,0.0,1.0,0.0,0.0,11197.33984375
E255,0.0,29.0,8.0,1.0,0.0,0.0,1.0,0.0,0.0,0.0
E256,0.0,24.0,12.0,1.0,0.0,0.0,0.0,0.0,0.0,0.0
E257,0.0,22.0,10.0,1.0,0.0,0.0,1.0,0.0,0.0,0.0
E258,0.0,24.0,7.0,1.0,0.0,0.0,1.0,0.0,0.0,1455.68994140625
E259,0.0,29.0,12.0,1.0,0.0,0.0,0.0,0.0,0.0,1890.93701171875
E260,0.0,25.0,11.0,0.0,1.0,1.0,1.0,0.0,0.0,4485.6162109375
E261,0.0,30.0,12.0,1.0,0.0,0.0,0.0,0.0,0.0,13613.349609375
E262,0.0,22.0,8.0,1.0,0.0,0.0,1.0,0.0,0.0,1390.509033203125
E263,0.0,55.0,3.0,1.0,0.0,0.0,1.0,0.0,0.0,5843.7958984375
E264,0.0,20.0,10.0,1.0,0.0,0.0,1.0,0.0,0.0,8598.5224609375
E265,0.0,34.0,11.0,1.0,0.0,0.0,1.0,0.0,0.0,2920.198974609375
E266,0.0,22.0,12.0,1.0,0.0,0.0,0.0,0.0,0.0,0.0
E267,0.0,32.0,12.0,0.0,1.0,1.0,0.0,0.0,0.0,6735.31982421875
E268,0.0,31.0,10.0,1.0,0.0,0.0,1.0,0.0,0.0,0.0
E269,0.0,18.0,9.0,1.0,0.0,0.0,1.0,0.0,0.0,0.0
E270,0.0,50.0,10.0,0.0,1.0,0.0,1.0,0.0,0.0,0.0
E271,0.0,25.0,11.0,1.0,0.0,1.0,1.0,0.0,0.0,44.75545883178711
E272,0.0,23.0,10.0,1.0,0.0,1.0,1.0,0.0,0.0,0.0
E273,0.0,38.0,10.0,1.0,0.0,0.0,1.0,0.0,0.0,0.0
E274,0.0,25.0,10.0,1.0,0.0,1.0,1.0,0.0,0.0,3701.81201171875
E275,0.0,42.0,10.0,1.0,0.0,0.0,1.0,0.0,0.0,6930.3359375
E276,0.0,39.0,12.0,1.0,0.0,1.0,0.0,0.0,0.0,3795.799072265625
E277,0.0,34.0,13.0,1.0,0.0,1.0,0.0,0.0,0.0,5193.2470703125
E278,0.0,24.0,7.0,1.0,0.0,0.0,1.0,0.0,0.0,2193.528076171875
E279,0.0,32.0,11.0,1.0,0.0,0.0,1.0,0.0,0.0,11120.5302734375
E280,0.0,27.0,13.0,1.0,0.0,0.0,0.0,0.0,0.0,7609.51806640625
E281,0.0,26.0,10.0,1.0,0.0,0.0,1.0,0.0,0.0,2169.027099609375
E282,0.0,44.0,11.0,1.0,0.0,0.0,1.0,0.0,0.0,0.0
E283,0.0,25.0,11.0,1.0,0.0,0.0,1.0,0.0,0.0,1264.2320556640625
E284,0.0,25.0,12.0,1.0,0.0,0.0,0.0,0.0,0.0,0.0
E285,0.0,28.0,12.0,1.0,0.0,1.0,0.0,0.0,0.0,0.0
E286,0.0,32.0,10.0,1.0,0.0,0.0,1.0,0.0,0.0,0.0
E287,0.0,22.0,10.0,1.0,0.0,0.0,1.0,0.0,0.0,0.0
E288,0.0,19.0,9.0,1.0,0.0,0.0,1.0,0.0,0.0,5712.64306640625
E289,0.0,31.0,10.0,1.0,0.0,1.0,1.0,0.0,0.0,0.0
E290,0.0,23.0,11.0,1.0,0.0,0.0,1.0,0.0,0.0,0.0
E291,0.0,33.0,11.0,1.0,0.0,0.0,1.0,0.0,0.0,0.0
E292,0.0,27.0,10.0,1.0,0.0,0.0,1.0,0.0,0.0,1184.8819580078125
E293,0.0,29.0,11.0,1.0,0.0,1.0,1.0,0.0,0.0,10225.8798828125
E294,0.0,23.0,10.0,1.0,0.0,0.0,1.0,0.0,0.0,0.0
E295,0.0,25.0,9.0,1.0,0.0,1.0,1.0,0.0,0.0,4715.37109375
E296,0.0,25.0,10.0,1.0,0.0,0.0,1.0,0.0,0.0,289.7898864746094
E297,0.0,24.0,10.0,1.0,0.0,0.0,1.0,0.0,0.0,0.0
E298,0.0,28.0,8.0,0.0,0.0,0.0,1.0,0.0,0.0,8190.4208984375
E299,0.0,26.0,6.0,1.0,0.0,0.0,1.0,0.0,0.0,4813.0498046875
E300,0.0,30.0,14.0,1.0,0.0,1.0,0.0,0.0,0.0,7344.67822265625
E301,0.0,25.0,10.0,1.0,0.0,1.0,1.0,0.0,0.0,0.0
E302,0.0,29.0,11.0,1.0,0.0,1.0,1.0,0.0,0.0,0.0
E303,0.0,25.0,12.0,1.0,0.0,1.0,0.0,0.0,0.0,0.0
E304,0.0,28.0,13.0,1.0,0.0,0.0,0.0,0.0,0.0,0.0
E305,0.0,23.0,11.0,1.0,0.0,0.0,1.0,0.0,0.0,4350.9072265625
E306,0.0,54.0,11.0,1.0,0.0,0.0,1.0,0.0,0.0,7812.52197265625
E307,0.0,33.0,5.0,0.0,1.0,0.0,1.0,0.0,0.0,0.0
E308,0.0,20.0,8.0,1.0,0.0,0.0,1.0,0.0,0.0,3644.655029296875
E309,0.0,45.0,9.0,1.0,0.0,0.0,1.0,0.0,0.0,4844.80322265625
E310,0.0,39.0,6.0,1.0,0.0,0.0,1.0,0.0,0.0,0.0
E311,0.0,26.0,12.0,1.0,0.0,0.0,0.0,0.0,0.0,0.0
E312,0.0,23.0,10.0,1.0,0.0,0.0,1.0,0.0,0.0,0.0
E313,0.0,27.0,12.0,0.0,0.0,0.0,0.0,0.0,0.0,14792.900390625
E314,0.0,33.0,9.0,0.0,1.0,1.0,1.0,0.0,0.0,0.0
E315,0.0,25.0,10.0,1.0,0.0,1.0,1.0,0.0,0.0,0.0
E316,0.0,23.0,8.0,1.0,0.0,0.0,1.0,0.0,0.0,3746.700927734375
E317,0.0,18.0,8.0,1.0,0.0,0.0,1.0,0.0,0.0,1568.1500244140625
E318,0.0,17.0,8.0,1.0,0.0,0.0,1.0,0.0,0.0,7010.44384765625
E319,0.0,19.0,9.0,0.0,1.0,0.0,1.0,0.0,0.0,3811.68310546875
E320,0.0,18.0,8.0,0.0,1.0,0.0,1.0,0.0,0.0,10798.5595703125
E321,0.0,18.0,11.0,1.0,0.0,0.0,1.0,0.0,0.0,4657.27294921875
E322,0.0,17.0,11.0,1.0,0.0,0.0,1.0,0.0,0.0,8551.533203125
E323,0.0,19.0,10.0,1.0,0.0,0.0,1.0,0.0,0.0,4309.8779296875
E324,0.0,19.0,10.0,1.0,0.0,0.0,1.0,0.0,0.0,5286.39599609375
E325,0.0,18.0,9.0,1.0,0.0,0.0,1.0,0.0,0.0,12486.169921875
E326,0.0,18.0,9.0,1.0,0.0,0.0,1.0,0.0,0.0,10877.349609375
E327,0.0,18.0,10.0,1.0,0.0,0.0,1.0,0.0,0.0,202.28469848632807
E328,0.0,17.0,10.0,1.0,0.0,0.0,1.0,0.0,0.0,2657.705078125
E329,0.0,18.0,7.0,1.0,0.0,0.0,1.0,0.0,0.0,4132.5771484375
E330,0.0,18.0,11.0,1.0,0.0,0.0,1.0,0.0,0.0,11303.1396484375
E331,0.0,19.0,10.0,0.0,1.0,0.0,1.0,0.0,0.0,0.0
E332,0.0,18.0,9.0,1.0,0.0,0.0,1.0,0.0,0.0,0.0
E333,0.0,17.0,10.0,1.0,0.0,0.0,1.0,0.0,0.0,0.0
E334,0.0,17.0,10.0,1.0,0.0,0.0,1.0,0.0,0.0,2189.426025390625
E335,0.0,19.0,11.0,1.0,0.0,0.0,1.0,0.0,0.0,0.0
E336,0.0,17.0,8.0,0.0,0.0,0.0,1.0,0.0,0.0,10210.990234375
E337,0.0,18.0,10.0,1.0,0.0,0.0,1.0,0.0,0.0,11048.080078125
E338,0.0,18.0,9.0,1.0,0.0,0.0,1.0,0.0,0.0,0.0
E339,0.0,17.0,8.0,1.0,0.0,0.0,1.0,0.0,0.0,8993.865234375
E340,0.0,19.0,6.0,0.0,1.0,0.0,1.0,0.0,0.0,5071.80078125
E341,0.0,19.0,10.0,0.0,0.0,0.0,1.0,0.0,0.0,3194.010009765625
E342,0.0,17.0,11.0,0.0,0.0,0.0,1.0,0.0,0.0,0.0
E343,0.0,20.0,9.0,1.0,0.0,0.0,1.0,0.0,0.0,5193.0888671875
E344,0.0,17.0,9.0,1.0,0.0,0.0,1.0,0.0,0.0,0.0
E345,0.0,17.0,10.0,1.0,0.0,0.0,1.0,0.0,0.0,275.56610107421875
E346,0.0,17.0,9.0,1.0,0.0,0.0,1.0,0.0,0.0,3590.701904296875
E347,0.0,19.0,11.0,1.0,0.0,0.0,1.0,0.0,0.0,0.0
E348,0.0,19.0,10.0,1.0,0.0,1.0,1.0,0.0,0.0,12797.669921875
E349,0.0,20.0,9.0,1.0,0.0,0.0,1.0,0.0,0.0,2035.9139404296875
E350,0.0,18.0,9.0,1.0,0.0,0.0,1.0,0.0,0.0,2389.678955078125
E351,0.0,18.0,11.0,1.0,0.0,0.0,1.0,0.0,0.0,0.0
E352,0.0,17.0,10.0,0.0,1.0,0.0,1.0,0.0,0.0,8469.275390625
E353,0.0,19.0,11.0,1.0,0.0,0.0,1.0,0.0,0.0,0.0
E354,0.0,17.0,10.0,1.0,0.0,0.0,1.0,0.0,0.0,1143.386962890625
E355,0.0,17.0,9.0,0.0,1.0,0.0,1.0,0.0,0.0,5114.81396484375
E356,0.0,18.0,10.0,1.0,0.0,0.0,1.0,0.0,0.0,781.2243041992188
E357,0.0,21.0,9.0,1.0,0.0,0.0,1.0,591.4990844726562,0.0,3343.22412109375
E358,0.0,18.0,10.0,1.0,0.0,0.0,1.0,1563.2490234375,0.0,9602.439453125
E359,0.0,19.0,11.0,1.0,0.0,0.0,1.0,1626.623046875,0.0,0.0
E360,0.0,24.0,9.0,1.0,0.0,0.0,1.0,2788.498046875,0.0,16461.5703125
E361,0.0,28.0,11.0,0.0,1.0,1.0,1.0,3472.947998046875,0.0,6771.6220703125
E362,0.0,25.0,11.0,1.0,0.0,0.0,1.0,5281.2451171875,0.0,0.0
E363,0.0,21.0,7.0,1.0,0.0,0.0,1.0,33799.94921875,0.0,11011.5703125
E364,0.0,39.0,11.0,1.0,0.0,0.0,1.0,0.0,83.68963623046875,0.0
E365,0.0,36.0,12.0,1.0,0.0,0.0,0.0,0.0,142.3972930908203,0.0
E366,0.0,24.0,12.0,1.0,0.0,0.0,0.0,0.0,159.88470458984375,0.0
E367,0.0,17.0,11.0,1.0,0.0,0.0,1.0,989.267822265625,165.20770263671875,4251.126953125
E368,0.0,18.0,10.0,1.0,0.0,0.0,1.0,960.4268188476562,240.1067047119141,2891.66796875
E369,0.0,18.0,10.0,1.0,0.0,0.0,1.0,0.0,273.552490234375,5514.365234375
E370,0.0,28.0,10.0,1.0,0.0,0.0,1.0,1471.29296875,367.8233947753906,4858.89501953125
E371,0.0,27.0,13.0,0.0,0.0,0.0,0.0,5214.30615234375,474.5018005371094,4812.576171875
E372,0.0,31.0,12.0,0.0,0.0,0.0,0.0,0.0,494.64300537109375,0.0
E373,0.0,22.0,9.0,1.0,0.0,0.0,1.0,0.0,506.4075927734375,604.19873046875
E374,0.0,31.0,10.0,1.0,0.0,0.0,1.0,0.0,520.4462890625,14527.8798828125
E375,0.0,26.0,10.0,1.0,0.0,1.0,1.0,6140.3671875,558.7733764648438,0.0
E376,0.0,18.0,9.0,0.0,0.0,0.0,1.0,0.0,559.5960083007812,7300.498046875
E377,0.0,23.0,11.0,1.0,0.0,0.0,1.0,6382.30908203125,580.7901000976562,0.0
E378,0.0,20.0,12.0,1.0,0.0,0.0,0.0,0.0,591.8151245117188,4159.9189453125
E379,0.0,19.0,10.0,1.0,0.0,0.0,1.0,0.0,604.1538696289062,0.0
E380,0.0,18.0,11.0,1.0,0.0,0.0,1.0,1064.698974609375,645.2722778320312,5497.5908203125
E381,0.0,17.0,10.0,1.0,0.0,0.0,1.0,0.0,664.5689697265625,0.0
E382,0.0,27.0,12.0,1.0,0.0,1.0,0.0,0.0,752.3900756835938,0.0
E383,0.0,27.0,11.0,1.0,0.0,0.0,1.0,3065.194091796875,766.298583984375,0.0
E384,0.0,28.0,12.0,0.0,0.0,0.0,0.0,0.0,803.343017578125,16477.01953125
E385,0.0,28.0,11.0,1.0,0.0,0.0,1.0,2431.948974609375,863.4794921875,0.0
E386,0.0,21.0,10.0,1.0,0.0,0.0,1.0,6661.06298828125,1162.362060546875,39483.53125
E387,0.0,17.0,10.0,0.0,1.0,0.0,1.0,4905.119140625,1168.9019775390625,11306.26953125
E388,0.0,26.0,11.0,1.0,0.0,0.0,1.0,4699.962890625,1174.990966796875,6672.02099609375
E389,0.0,29.0,9.0,1.0,0.0,0.0,1.0,0.0,1203.823974609375,9378.6533203125
E390,0.0,17.0,10.0,0.0,1.0,0.0,1.0,1203.6090087890625,1239.6280517578125,5088.98583984375
E391,0.0,22.0,11.0,1.0,0.0,0.0,1.0,7914.130859375,1321.6600341796875,2639.2900390625
E392,0.0,24.0,11.0,1.0,0.0,0.0,1.0,0.0,1327.9930419921875,9495.90234375
E393,0.0,20.0,12.0,1.0,0.0,0.0,0.0,557.6987915039062,1371.4730224609375,20893.109375
E394,0.0,18.0,12.0,1.0,0.0,0.0,0.0,0.0,1405.511962890625,0.0
E395,0.0,24.0,11.0,0.0,0.0,0.0,1.0,2669.72509765625,1468.383056640625,10361.6904296875
E396,0.0,21.0,9.0,0.0,0.0,0.0,1.0,2988.412109375,1577.1669921875,1740.198974609375
E397,0.0,30.0,8.0,1.0,0.0,0.0,1.0,0.0,1706.656982421875,0.0
E398,0.0,31.0,11.0,1.0,0.0,0.0,1.0,17711.880859375,1726.4449462890625,0.0
E399,0.0,17.0,10.0,0.0,1.0,0.0,1.0,1442.6810302734375,1734.5589599609375,6354.19384765625
E400,0.0,19.0,9.0,1.0,0.0,0.0,1.0,8409.626953125,1778.0889892578125,7171.0
E401,0.0,23.0,11.0,1.0,0.0,0.0,1.0,0.0,1896.02294921875,5573.546875
E402,0.0,22.0,12.0,1.0,0.0,0.0,0.0,4380.01708984375,2003.6800537109373,439.6881103515625
E403,0.0,29.0,12.0,1.0,0.0,0.0,0.0,22859.439453125,2080.208984375,16969.94921875
E404,0.0,22.0,10.0,1.0,0.0,0.0,1.0,0.0,2174.955078125,5344.02099609375
E405,0.0,29.0,13.0,1.0,0.0,0.0,0.0,718.2492065429688,2265.5791015625,2725.322021484375
E406,0.0,19.0,11.0,1.0,0.0,0.0,1.0,721.340576171875,2445.589111328125,9772.283203125
E407,0.0,17.0,9.0,1.0,0.0,0.0,1.0,0.0,2595.26708984375,0.0
E408,0.0,18.0,10.0,1.0,0.0,0.0,1.0,1716.509033203125,2682.125,0.0
E409,0.0,19.0,12.0,1.0,0.0,0.0,0.0,8417.0,2814.195068359375,1720.906982421875
E410,0.0,20.0,6.0,1.0,0.0,0.0,1.0,6006.87890625,2850.610107421875,0.0
E411,0.0,33.0,11.0,1.0,0.0,0.0,1.0,10523.830078125,2899.820068359375,18859.890625
E412,0.0,36.0,11.0,0.0,1.0,0.0,1.0,5443.73388671875,3063.8779296875,1324.5419921875
E413,0.0,25.0,11.0,1.0,0.0,0.0,1.0,15209.990234375,3072.72607421875,284.65838623046875
E414,0.0,19.0,11.0,1.0,0.0,0.0,1.0,3504.013916015625,3285.679931640625,11195.9296875
E415,0.0,23.0,8.0,1.0,0.0,0.0,1.0,7724.283203125,3403.055908203125,0.0
E416,0.0,17.0,11.0,1.0,0.0,0.0,1.0,4080.72998046875,3796.029052734375,0.0
E417,0.0,43.0,10.0,1.0,0.0,0.0,1.0,2502.867919921875,4128.44287109375,7565.27294921875
E418,0.0,26.0,11.0,1.0,0.0,1.0,1.0,0.0,4184.73193359375,0.0
E419,0.0,27.0,11.0,1.0,0.0,1.0,1.0,0.0,4491.8837890625,0.0
E420,0.0,19.0,11.0,1.0,0.0,0.0,1.0,6337.4921875,4503.06396484375,0.0
E421,0.0,28.0,11.0,1.0,0.0,1.0,1.0,8593.1630859375,5393.89501953125,4974.5859375
E422,0.0,28.0,12.0,1.0,0.0,1.0,0.0,10585.1298828125,5551.4560546875,12780.01953125
E423,0.0,26.0,8.0,1.0,0.0,0.0,1.0,1126.2900390625,5562.59814453125,3523.577880859375
E424,0.0,31.0,12.0,1.0,0.0,0.0,0.0,0.0,5613.9091796875,0.0
E425,0.0,23.0,11.0,1.0,0.0,0.0,1.0,7617.36181640625,5716.4072265625,10274.83984375
E426,0.0,20.0,12.0,1.0,0.0,0.0,0.0,7182.4921875,6004.72802734375,4779.72021484375
E427,0.0,28.0,10.0,1.0,0.0,1.0,1.0,8293.3447265625,6449.47998046875,16988.1796875
E428,0.0,39.0,12.0,1.0,0.0,1.0,0.0,19785.3203125,6608.13720703125,499.2572021484375
E429,0.0,21.0,8.0,1.0,0.0,0.0,1.0,39570.6796875,6608.30419921875,3083.5810546875
E430,0.0,22.0,11.0,1.0,0.0,0.0,1.0,8810.0673828125,6974.48388671875,3708.718994140625
E431,0.0,20.0,11.0,1.0,0.0,0.0,1.0,8009.1640625,7666.875,7659.2177734375
E432,0.0,21.0,11.0,0.0,1.0,0.0,1.0,2992.533935546875,8920.470703125,20857.83984375
E433,0.0,23.0,12.0,0.0,1.0,0.0,0.0,5721.69580078125,8960.68359375,7078.17822265625
E434,0.0,29.0,9.0,1.0,0.0,0.0,1.0,9268.943359375,9160.693359375,0.0
E435,0.0,28.0,9.0,1.0,0.0,1.0,1.0,10222.41015625,9210.447265625,1239.843994140625
E436,0.0,30.0,11.0,1.0,0.0,1.0,1.0,0.0,9311.9384765625,3982.801025390625
E437,0.0,25.0,10.0,1.0,0.0,1.0,1.0,13519.9697265625,9319.4443359375,0.0
E438,0.0,28.0,11.0,1.0,0.0,1.0,1.0,824.388916015625,10033.91015625,0.0
E439,0.0,22.0,10.0,0.0,0.0,0.0,1.0,27864.359375,10598.669921875,7094.919921875
E440,0.0,44.0,9.0,1.0,0.0,1.0,1.0,12260.7802734375,10857.240234375,12359.3095703125
E441,0.0,21.0,9.0,1.0,0.0,0.0,1.0,31886.4296875,12357.2197265625,0.0
E442,0.0,28.0,11.0,1.0,0.0,0.0,1.0,17491.44921875,13371.25,0.0
E443,0.0,29.0,9.0,0.0,1.0,0.0,1.0,9594.3076171875,16341.16015625,16900.30078125
E444,0.0,25.0,9.0,1.0,0.0,1.0,1.0,24731.619140625,16946.630859375,7343.9638671875
E445,0.0,22.0,10.0,0.0,0.0,1.0,1.0,25720.919921875,23031.98046875,5448.80078125
